epoch,time,train/box_loss,train/cls_loss,train/dfl_loss,metrics/precision(B),metrics/recall(B),metrics/mAP50(B),metrics/mAP50-95(B),val/box_loss,val/cls_loss,val/dfl_loss,lr/pg0,lr/pg1,lr/pg2
1,287.818,1.68004,1.47642,1.07967,0.35131,0.35632,0.30232,0.14846,1.45093,1.0885,1.05612,0.000476015,0.000476015,0.000476015
2,575.13,1.51909,1.05825,1.02628,0.49123,0.38432,0.38883,0.19548,1.34511,0.92905,1.02163,0.000638073,0.000638073,0.000638073
3,867.934,1.42585,0.95861,0.99871,0.45522,0.42452,0.41932,0.22229,1.27543,0.83336,0.99959,0.000485752,0.000485752,0.000485752
